{"options":{"check_for_updates":true,"comment":null,"compat_foreach":false,"compat_metadata":false,"compat_powerful_this":null,"compat_wrappedjsobject":false,"compatopts_for_requires":true,"noframes":null,"override":{"merge_connects":true,"merge_excludes":true,"merge_includes":true,"merge_matches":true,"orig_connects":["api.telegram.org"],"orig_excludes":[],"orig_includes":[],"orig_matches":["https://belarus.blsspainglobal.com/Global/Appointment/ApplicantSelection*"],"orig_noframes":null,"orig_run_at":"document-start","orig_run_in":[],"orig_tags":[],"use_blockers":[],"use_connects":[],"use_excludes":[],"use_includes":[],"use_matches":[]},"run_at":null,"run_in":null,"sandbox":null,"tags":[],"unwrap":null,"user_modified":1750203501251},"settings":{"enabled":true,"position":3},"meta":{"name":"photo_not_passed_notify","uuid":"860ce530-a1d9-4e21-8756-6f7ae9b17e3f","modified":1750203501250}}