{"options":{"check_for_updates":true,"user_modified":1750204260289,"comment":null,"compatopts_for_requires":true,"compat_wrappedjsobject":false,"compat_metadata":false,"compat_foreach":false,"compat_powerful_this":null,"sandbox":null,"noframes":null,"unwrap":null,"run_at":null,"run_in":null,"tags":[],"override":{"merge_connects":true,"merge_excludes":true,"merge_includes":true,"merge_matches":true,"orig_connects":[],"orig_excludes":[],"orig_includes":[],"orig_matches":["https://appointment.blsspainrussia.ru/Global/Appointment/SlotSelection*","https://belarus.blsspainglobal.com/Global/Appointment/SlotSelection*"],"orig_noframes":null,"orig_run_at":"document-idle","orig_run_in":[],"orig_tags":[],"use_blockers":[],"use_connects":[],"use_excludes":[],"use_includes":[],"use_matches":[]}},"settings":{"enabled":true,"position":4},"meta":{"name":"strategy","uuid":"9021256f-7068-402e-9ac8-936efbe17a4c","modified":1750204260288}}